Car_Name,Car_Age,Selling_Price,Kms_Driven,Fuel_Type,Transmission,Owner
Kia Sonet X,3,1.24,132932,CNG,Manual,0
Mercedes GLC,7,1.23,127324,CNG,Automatic,0
Figo,5,0.65,6311,Petrol,Manual,1
Maruti Alto,14,0.2,123537,CNG,Automatic,1
Tata Punch,11,0.2,57886,Petrol,Manual,0
Toyota Yaris,1,3.01,125243,CNG,Automatic,2
Verna,14,0.28,107530,Diesel,Manual,1
Skoda Kushaq,3,0.53,172829,Petrol,Manual,1
E Class,9,0.2,100299,Diesel,Manual,2
Ford EcoSport Titanium,14,0.2,10268,Diesel,Manual,0
Innova,12,0.62,115752,Petrol,Manual,0
BMW 3 Series,2,1.61,130312,CNG,Manual,1
Compass,11,0.81,23662,Petrol,Automatic,1
Mercedes C Class,2,0.33,195407,Diesel,Manual,2
Hyundai Tucson Elite,14,0.2,159338,Petrol,Manual,1
Land Rover Discovery,2,2.87,51015,CNG,Manual,0
Volvo XC60,4,1.21,106878,CNG,Manual,2
Mahindra Thar 2020,9,0.71,65044,Diesel,Manual,0
Q5,11,0.2,26939,Diesel,Automatic,2
Toyota Innova Crysta,0,0.2,162152,Petrol,Manual,1
Land Rover Discovery,8,0.2,141546,CNG,Automatic,2
Tata Hexa,7,0.27,166838,CNG,Automatic,0
Toyota Innova Crysta,0,5.6,40353,Diesel,Manual,1
Toyota Fortuner Legender,0,4.22,56680,CNG,Automatic,1
Tata Nexon EV,15,0.51,158381,CNG,Automatic,2
Ciaz,4,0.43,184155,Diesel,Automatic,1
Jazz,0,5.92,94384,CNG,Automatic,0
Tata Nexon EV,2,2.2,143483,CNG,Automatic,0
Thar,1,1.28,12111,Petrol,Manual,0
Tata Nexon EV,15,0.2,108512,Petrol,Automatic,0
Baleno,4,1.1,118796,CNG,Manual,0
Tiago,7,1.27,121885,Petrol,Automatic,2
BMW X1,5,1.04,185423,Diesel,Manual,1
BMW 3 Series,15,0.2,51108,Petrol,Automatic,0
Harrier,4,1.01,136059,CNG,Manual,0
MG Gloster,6,2.87,149501,Diesel,Automatic,1
Tata Punch,5,1.24,137967,CNG,Manual,1
Toyota Yaris Cross,4,2.02,94179,Petrol,Automatic,2
Mahindra XUV3XO,0,5.96,106983,Petrol,Automatic,1
Volkswagen Vento GT,4,2.13,150783,Petrol,Manual,1
Honda CRV,11,0.2,186312,CNG,Manual,0
Rapid,8,0.2,164817,CNG,Automatic,1
Harrier X,7,0.73,73991,CNG,Automatic,2
Kwid,7,0.38,106864,CNG,Automatic,2
CLA,2,0.2,183065,Petrol,Automatic,0
Nissan Kicks,14,0.2,145475,Diesel,Automatic,2
Tata Punch,8,1.06,53921,CNG,Automatic,0
Tucson,5,0.99,185078,Diesel,Manual,0
Toyota Yaris,11,1.23,4051,Petrol,Manual,1
Honda Amaze,7,1.43,74523,Petrol,Automatic,1
Kwid,7,0.37,83750,CNG,Automatic,1
Fortuner,9,0.55,17896,CNG,Automatic,1
Tata Harrier,7,1.64,188628,Petrol,Manual,0
Hyundai Creta SX,11,0.52,68215,CNG,Manual,1
Range Rover Evoque,11,0.2,186412,CNG,Manual,1
Tata Nexon EV,9,1.21,167319,Petrol,Manual,0
Hyundai Tucson Elite,6,1.74,105185,Diesel,Automatic,0
Hyundai Tucson GLS,12,0.73,136683,CNG,Automatic,0
Polo GT,10,0.52,198459,Diesel,Manual,0
Hyundai Creta SX,0,0.67,39304,Diesel,Manual,0
Mahindra Marazzo,13,0.2,144233,Petrol,Manual,1
CLA,9,0.2,76353,Diesel,Automatic,2
Hyundai Venue SX,9,1.11,90588,Diesel,Manual,2
BMW X1,9,1.34,39756,Petrol,Automatic,2
BMW X1,1,4.94,71640,CNG,Automatic,2
Ecosport,6,1.87,113856,CNG,Manual,1
Toyota Innova Crysta,3,2.2,179031,Petrol,Automatic,0
Maruti Ertiga,2,0.2,192993,CNG,Automatic,0
Baleno,8,0.41,143202,Petrol,Automatic,0
Mahindra Marazzo,9,0.45,10348,CNG,Manual,0
Rapid,14,0.2,180208,Diesel,Automatic,0
Tucson,8,0.2,94105,CNG,Automatic,1
Mercedes C Class,5,1.84,27962,Petrol,Manual,1
Octavia,2,2.58,27790,CNG,Automatic,1
Hyundai Creta SX,12,0.68,5748,Diesel,Automatic,1
Land Rover Discovery,11,0.44,62629,Petrol,Manual,0
Fortuner Leg,5,2.37,115821,Diesel,Automatic,0
Hyundai Tucson Elite,3,2.05,92362,CNG,Automatic,0
Volkswagen Vento GT,0,5.89,39413,CNG,Manual,0
Maruti Celerio,10,0.46,79859,Diesel,Automatic,1
Q5,4,0.38,161775,Diesel,Automatic,1
Hyundai Tucson Elite,8,0.35,5835,CNG,Automatic,2
Fortuner Leg,4,1.33,58043,Petrol,Automatic,0
Brezza,1,0.2,197617,Diesel,Automatic,2
Fortuner Leg,5,0.2,28712,Diesel,Automatic,2
MG Gloster,10,1.06,73474,Petrol,Manual,0
Honda CRV,14,0.2,132456,Petrol,Automatic,2
Hyundai Tucson Elite,4,0.93,11916,Diesel,Automatic,2
Range Rover Evoque,8,1.24,39765,Petrol,Manual,0
Polo GT,1,3.63,37187,CNG,Automatic,2
E Class,5,2.08,175197,CNG,Manual,1
Volvo XC60,10,0.89,174880,Petrol,Automatic,2
Volkswagen Tiguan,4,1.23,40764,Diesel,Automatic,2
Figo,14,0.2,155458,CNG,Manual,1
XUV300,0,3.29,98239,CNG,Automatic,1
Nissan Magnite,4,0.68,74477,Petrol,Automatic,0
Sonata,15,0.2,46002,CNG,Manual,0
Jazz,7,1.45,59243,Petrol,Manual,2
Polo GT,1,4.4,29732,Diesel,Manual,2
Vento,4,0.61,40749,Petrol,Manual,0
Harrier X,1,7.73,109464,Diesel,Automatic,0
MG Gloster,14,0.2,187717,CNG,Manual,0
BMW X1,0,7.59,191471,Petrol,Manual,0
Harrier,9,2.13,29699,CNG,Automatic,1
Harrier,10,0.23,137198,CNG,Manual,2
XUV300,2,10.82,35674,CNG,Automatic,0
Q5,9,0.4,2062,Petrol,Manual,2
Ecosport,3,4.45,138240,Diesel,Manual,0
Hyundai Sonata,14,0.2,27069,Diesel,Manual,0
Maruti Ertiga,9,1.33,49447,Diesel,Manual,2
Hyundai Tucson Elite,8,0.45,190728,Petrol,Automatic,0
Mercedes GLC,13,0.43,77125,CNG,Automatic,2
Creta,2,9.8,5324,CNG,Automatic,1
Kia Carens,2,6.26,54441,CNG,Manual,1
Tata Hexa,4,2.58,138541,Diesel,Automatic,2
Fortuner,9,1.93,79477,Diesel,Manual,1
Hyundai Sonata,12,1.83,48362,Petrol,Automatic,1
Nexon,12,1.88,6287,Diesel,Automatic,0
Audi Q7,0,7.96,94070,Diesel,Manual,2
Jaguar F-Pace,2,3.91,125450,Petrol,Automatic,1
Volvo XC90,7,1.31,173904,Petrol,Automatic,1
Range Rover Evoque,9,0.63,126501,Petrol,Manual,1
Scorpio,7,0.31,161359,Diesel,Automatic,2
Toyota Yaris Cross,8,2.36,68728,Petrol,Manual,2
Toyota Yaris,7,2.28,93263,CNG,Manual,2
Tucson,15,0.2,188891,CNG,Manual,0
Volvo XC60,6,2.52,132994,Petrol,Automatic,0
Hyundai Venue SX,5,3.48,60201,Diesel,Manual,2
XUV300,12,1.05,155782,CNG,Automatic,0
Sonet,12,0.73,15382,Petrol,Automatic,2
BMW X1,3,4.13,125714,CNG,Manual,2
Venue,14,0.2,116033,Diesel,Manual,1
Toyota Innova Crysta,1,12.64,18368,Petrol,Manual,2
Mercedes C Class,7,3.15,1126,Diesel,Manual,2
Tata Punch,12,1.64,176399,Petrol,Automatic,2
Triber,14,0.84,57264,Petrol,Manual,1
CLA,8,2.93,41738,CNG,Automatic,0
Tesla Model 3,1,6.88,37368,CNG,Manual,2
Ciaz,8,2.78,68526,Diesel,Manual,0
Q5,1,10.77,104892,Petrol,Manual,0
Hyundai Aura,3,9.13,53853,Diesel,Automatic,2
Ecosport,13,0.44,93374,CNG,Manual,2
Figo,12,0.2,160024,Petrol,Manual,1
MG Hector,1,6.35,160937,Diesel,Automatic,0
XUV300,2,4.11,120614,Petrol,Automatic,0
Ford Endeavour,13,0.77,121993,Petrol,Manual,2
Elantra,6,1.69,110575,Petrol,Manual,2
Audi A4,5,1.57,163552,CNG,Manual,2
Tesla Model Y,14,0.2,65929,CNG,Automatic,1
Ford EcoSport Titanium,6,3.4,5425,CNG,Manual,2
Seltos,3,3.59,182532,Diesel,Automatic,0
Nexon,2,5.78,103870,CNG,Automatic,0
Volvo XC60,8,1.37,131273,Petrol,Automatic,2
BMW X5,13,1.02,20063,CNG,Automatic,2
Skoda Octavia RS,1,11.22,36954,Petrol,Automatic,0
Vento,10,1.57,52693,Diesel,Automatic,0
Nissan Kicks,4,5.83,82994,Diesel,Automatic,0
Mercedes C Class,8,1.02,122829,Diesel,Automatic,2
MG Gloster,4,5.63,52226,Petrol,Manual,1
Toyota Yaris,6,0.78,191124,Petrol,Automatic,0
Harrier X,15,0.2,102371,Diesel,Manual,0
Triber,10,1.27,90599,Petrol,Manual,2
Honda WRV,1,2.56,185374,CNG,Automatic,1
Tiago,2,3.72,199370,CNG,Manual,1
Skoda Slavia,1,4.47,179376,Diesel,Automatic,0
Toyota Corolla,10,0.2,84559,Diesel,Manual,2
Hyundai Tucson Elite,11,1.31,21581,Diesel,Automatic,2
MG Hector,11,1.27,133413,CNG,Automatic,2
Nissan Kicks,4,7.61,68957,Diesel,Automatic,0
Volkswagen Vento GT,12,1.11,160007,Diesel,Automatic,2
CLA,4,3.63,20541,Diesel,Manual,1
Audi A4,1,11.08,42786,CNG,Manual,1
Thar,2,4.46,38265,CNG,Automatic,2
Maruti Dzire,12,0.59,135055,Diesel,Manual,2
Innova,7,2.58,7640,Petrol,Automatic,0
Mahindra Thar 2020,6,1.96,124618,Diesel,Automatic,1
Ecosport,12,0.21,180615,CNG,Manual,2
Jazz,7,1.2,84691,CNG,Manual,1
Kia Sonet X,3,2.56,144748,Petrol,Automatic,0
Hyundai Venue SX,1,9.04,113573,Petrol,Manual,0
Volkswagen Tiguan,8,1.94,136566,Petrol,Manual,2
Harrier X,7,1.75,161829,Petrol,Automatic,0
Swift,10,0.2,129583,Petrol,Manual,1
Honda Civic,8,1.67,117953,Petrol,Manual,1
Altroz,4,2.37,183020,Diesel,Manual,2
Elantra,1,5.51,158757,Petrol,Automatic,2
Kia Carens,12,0.64,8287,Petrol,Manual,0
Volkswagen Vento GT,7,2.17,155946,CNG,Automatic,0
Brezza,1,9.83,26931,Diesel,Manual,2
Nissan Magnite,11,1.28,34742,Diesel,Automatic,2
Tata Nexon EV,1,11.7,107532,Petrol,Automatic,0
Hyundai Creta SX,7,3.53,12303,Diesel,Automatic,2
Fortuner Leg,5,2.73,87231,CNG,Automatic,0
Karoq,8,0.78,158364,Diesel,Automatic,2
Maruti Dzire,6,0.93,195692,CNG,Manual,1
Thar,14,0.85,93241,Diesel,Automatic,0
Thar,1,5.05,192533,CNG,Manual,0
Nissan Magnite,12,0.2,133079,Diesel,Manual,1
Volkswagen Vento GT,15,0.2,145353,CNG,Automatic,2
Tesla Model 3,15,0.29,182264,Diesel,Manual,1
Vento,9,2.73,115682,Diesel,Automatic,1
City,12,0.63,124786,Petrol,Automatic,2
Tata Punch,10,1.56,30241,CNG,Automatic,1
Carnival,12,0.64,149554,Diesel,Manual,1
Mercedes GLC,10,3.78,53930,Petrol,Automatic,0
Altroz,2,3.82,195488,Petrol,Manual,2
XUV300,14,1.18,134052,CNG,Automatic,0
Skoda Superb,10,2.01,22563,Diesel,Manual,0
Verna,14,0.88,83970,Diesel,Automatic,2
Harrier X,14,1.03,69760,Diesel,Automatic,2
Renault Duster,3,11.7,9712,Diesel,Automatic,0
Nexon,7,4.16,83503,CNG,Automatic,0
Triber,1,9.68,158661,Diesel,Automatic,2
Fortuner Leg,11,1.22,21581,Petrol,Automatic,2
Nissan Magnite,8,2.3,175480,Petrol,Automatic,2
BMW X5,7,6.06,23431,Diesel,Automatic,0
Fortuner Leg,8,1.0,177076,Diesel,Manual,0
Kia Sonet X,9,2.14,51861,Diesel,Automatic,2
Tata Hexa,0,20.24,52047,CNG,Manual,2
Mahindra Marazzo,15,1.54,34320,Diesel,Automatic,1
Renault Duster,13,2.02,62550,CNG,Manual,2
Vento,9,3.16,34662,CNG,Manual,0
Harrier,10,2.54,147385,Diesel,Automatic,2
Seltos,6,4.49,124629,Petrol,Automatic,0
Honda Amaze,15,0.85,115994,Diesel,Automatic,1
Maruti Alto,2,3.34,192387,Diesel,Manual,2
Honda WRV,14,1.25,112822,Petrol,Manual,0
Tiago,4,11.55,26963,Diesel,Automatic,1
Toyota Fortuner Legender,8,2.17,73099,Diesel,Manual,1
Maruti Wagon R,5,5.21,87652,CNG,Manual,1
Innova,0,10.77,159562,Diesel,Automatic,1
Compass,13,0.34,182749,Petrol,Manual,1
Tata Harrier,3,13.23,46893,Petrol,Manual,0
Mahindra Bolero,7,2.07,87475,Petrol,Manual,2
Polo,2,13.98,34397,Diesel,Automatic,1
Sonet,3,7.52,80530,Petrol,Manual,1
Skoda Slavia,4,4.61,183958,Petrol,Automatic,0
Volkswagen Tiguan,5,5.81,132691,CNG,Manual,1
Audi Q7,14,1.05,92155,Diesel,Manual,0
Hyundai Tucson GLS,0,12.52,141272,CNG,Automatic,1
Nissan Magnite,10,0.26,197733,Diesel,Manual,1
Sonata,1,14.93,10110,Diesel,Automatic,2
Karoq,3,6.19,129335,Diesel,Automatic,2
Carnival,15,0.27,14669,Petrol,Manual,1
Mahindra Bolero,6,3.77,147649,CNG,Automatic,1
Volkswagen Polo GT,0,23.88,51138,Petrol,Automatic,0
Octavia,15,0.86,20508,Petrol,Manual,1
Mahindra XUV700,8,1.11,192648,Petrol,Manual,0
Land Rover Discovery,14,0.95,198096,CNG,Automatic,1
Kia Carnival,1,11.26,74297,Petrol,Manual,2
Mercedes GLC,0,9.87,133439,Diesel,Automatic,2
Kia Seltos GTX,14,0.2,141180,CNG,Automatic,0
Hyundai Aura,15,1.32,94680,CNG,Automatic,1
BMW X5,1,16.19,78576,CNG,Manual,1
Mahindra Thar 2020,5,8.38,32348,Petrol,Automatic,0
Tata Hexa,3,9.43,74770,CNG,Automatic,1
Sonata,12,0.88,25596,CNG,Manual,2
Hyundai Venue SX,4,6.14,169722,Diesel,Automatic,0
Maruti Ertiga,13,0.63,168450,Petrol,Manual,2
Nexon,0,8.3,175668,Diesel,Manual,1
Mahindra Marazzo,11,0.83,180785,CNG,Manual,2
Tucson,7,1.95,156683,Diesel,Manual,1
Karoq,9,3.01,89204,CNG,Automatic,1
Innova,9,2.55,128959,Diesel,Manual,0
Ciaz,15,0.76,128834,Petrol,Automatic,1
Tata Harrier,1,13.2,82571,Diesel,Manual,2
MG Hector,0,19.68,18633,Petrol,Manual,0
Tesla Model Y,6,6.25,24711,CNG,Automatic,0
Maruti Celerio,13,0.45,18727,CNG,Manual,0
Compass,0,15.9,56754,CNG,Automatic,1
Tata Nexon EV,5,5.52,77329,CNG,Manual,1
Audi Q7,7,5.78,55624,CNG,Automatic,0
Ecosport,0,18.03,65315,Diesel,Automatic,0
Audi A4,1,17.45,74794,Diesel,Automatic,0
MG Gloster,5,4.15,137321,CNG,Automatic,1
Verna,5,3.43,176915,Diesel,Automatic,0
Octavia,14,1.62,26592,CNG,Automatic,1
Kwid,15,0.23,152175,CNG,Automatic,1
Tesla Model Y,2,17.12,49231,Diesel,Manual,0
Ford EcoSport Titanium,7,3.01,92878,Petrol,Manual,1
Harrier,3,7.05,120264,CNG,Automatic,0
Maruti Ertiga,13,1.67,19073,Diesel,Manual,1
Sonata,14,1.04,136509,Petrol,Automatic,1
Karoq,2,5.53,192703,Diesel,Automatic,1
Skoda Superb,6,4.35,41461,Petrol,Manual,0
Range Rover Evoque,3,3.6,187321,Diesel,Manual,1
Honda WRV,0,16.88,119947,CNG,Automatic,0
Creta,2,6.46,183184,Diesel,Manual,0
Verna,4,9.77,18347,Petrol,Manual,0
Ecosport,14,0.69,165685,Diesel,Manual,2
Volvo XC90,10,1.19,87269,Diesel,Automatic,2
XUV500,1,8.59,178404,CNG,Automatic,2
Ford Endeavour,8,1.85,161866,Petrol,Manual,1
Toyota Yaris Cross,3,10.11,47851,CNG,Automatic,0
Maruti Ertiga,12,0.86,99723,Diesel,Manual,1
Honda CRV,6,6.58,27715,Diesel,Automatic,2
MG Gloster,4,3.28,194021,CNG,Automatic,1
Thar,4,8.67,61428,Petrol,Automatic,1
Toyota Yaris,1,6.5,179148,Petrol,Automatic,0
Maruti Ertiga,15,1.79,30300,Diesel,Automatic,1
Ford EcoSport Titanium,7,5.61,73930,Petrol,Manual,0
Volkswagen Vento GT,15,0.71,164856,Petrol,Manual,0
MG ZS,12,2.28,43080,Diesel,Automatic,1
E Class,7,4.32,160674,Diesel,Automatic,0
Maruti Dzire,6,5.66,157503,Petrol,Manual,0
Land Rover Discovery,7,5.18,61920,CNG,Manual,0
Ciaz,2,14.43,102015,Petrol,Manual,0
Maruti Ertiga,14,0.7,126426,CNG,Manual,1
Volvo XC60,5,5.74,127303,Diesel,Automatic,2
Mahindra Thar 2020,14,1.2,183051,Diesel,Automatic,1
Tata Harrier,9,1.46,193630,Diesel,Manual,1
Nexon,5,5.92,109212,CNG,Automatic,1
Innova,0,12.07,190351,Diesel,Manual,0
Tata Harrier,1,22.36,93949,Diesel,Automatic,0
Tata Punch,13,1.27,85080,Petrol,Manual,1
Ecosport,13,1.37,126588,Diesel,Automatic,1
City,6,5.13,146643,CNG,Automatic,1
Ecosport,1,9.48,145129,Petrol,Manual,2
Elantra,14,0.93,178558,Petrol,Automatic,2
Seltos,6,4.07,183684,Diesel,Manual,2
Hyundai Tucson Elite,14,1.16,89199,Diesel,Automatic,0
Honda CRV,15,1.2,96081,Diesel,Manual,0
Harrier X,6,5.22,157570,Diesel,Manual,0
Maruti Wagon R,5,5.4,167923,Petrol,Automatic,1
Toyota Yaris,8,3.04,147451,CNG,Automatic,2
Maruti Wagon R,3,16.77,10596,Diesel,Automatic,1
Mercedes C Class,5,5.22,104892,Diesel,Automatic,2
Maruti Celerio,12,1.62,147451,Petrol,Manual,2
Harrier,2,12.45,148159,Petrol,Automatic,1
E Class,13,1.48,146298,CNG,Automatic,2
Ford Endeavour,5,5.36,181887,Petrol,Automatic,1
Seltos,15,0.66,6469,CNG,Manual,2
Mahindra XUV700,3,6.28,182360,CNG,Automatic,2
Fortuner Leg,0,11.82,177325,CNG,Manual,2
Range Rover Evoque,11,0.78,189490,CNG,Manual,1
Elantra,2,17.45,55220,CNG,Manual,1
Kia Carnival,0,19.45,84820,CNG,Manual,2
Volvo XC90,15,1.05,23436,Petrol,Manual,1
Hyundai Sonata,5,9.69,27201,Diesel,Manual,2
Kia Carnival,8,3.51,145565,Diesel,Automatic,0
Ciaz,8,4.17,46603,Petrol,Automatic,1
Tesla Model Y,13,0.57,149087,Diesel,Automatic,1
Tata Harrier,12,0.2,50733,Petrol,Manual,2
City,5,7.52,125302,Diesel,Automatic,2
Innova,15,0.51,66428,Diesel,Automatic,1
Nissan Magnite,0,34.04,19322,CNG,Manual,0
Toyota Corolla,8,4.63,7304,Diesel,Manual,2
Skoda Octavia RS,7,5.51,98852,Petrol,Automatic,1
Thar,5,8.73,46232,Petrol,Automatic,1
Sonet,1,26.59,15357,Petrol,Automatic,1
Tata Punch,12,1.64,70286,Diesel,Automatic,2
Mahindra XUV3XO,2,15.32,101158,Petrol,Automatic,2
CLA,14,1.51,10283,Diesel,Automatic,1
Tesla Model Y,13,0.72,115586,Petrol,Manual,1
Mahindra XUV700,1,20.36,82816,Diesel,Manual,0
Venue,8,2.51,183650,Diesel,Manual,2
XUV500,7,7.15,72947,Diesel,Automatic,0
MG Hector,14,0.85,199893,Diesel,Automatic,1
City,15,0.64,7530,Petrol,Manual,2
Hyundai Tucson Elite,15,0.82,18071,CNG,Manual,1
Seltos,15,0.85,126576,CNG,Automatic,2
Triber,13,1.34,120052,Diesel,Automatic,1
Maruti Alto,6,7.28,21095,CNG,Manual,0
Honda CRV,12,0.99,98756,Petrol,Automatic,1
Ford Endeavour,11,1.08,82835,Petrol,Manual,1
Honda Civic,5,11.07,10346,Diesel,Automatic,0
Tata Nexon EV,13,1.93,96648,Petrol,Manual,1
Maruti Celerio,6,7.59,77975,Diesel,Manual,0
Volvo XC60,14,2.03,33602,CNG,Manual,0
Q5,14,0.81,68494,Diesel,Manual,0
Nissan Kicks,15,0.97,88960,CNG,Automatic,2
Jaguar F-Pace,0,31.96,54798,Petrol,Manual,0
Toyota Yaris Cross,5,5.37,73954,CNG,Manual,2
Hyundai Sonata,4,9.23,75567,Diesel,Manual,2
Range Rover Evoque,10,4.02,9787,Petrol,Manual,1
Ford Endeavour,13,1.54,16282,CNG,Automatic,2
Renault Duster,12,0.68,180526,Diesel,Manual,0
MG Hector,3,9.39,136565,Diesel,Manual,0
Skoda Octavia RS,13,1.24,181488,Petrol,Automatic,0
Hyundai Venue SX,11,2.6,129775,Diesel,Manual,0
Compass,7,4.58,118886,CNG,Manual,0
XUV500,15,0.2,161237,Diesel,Manual,2
MG ZS,3,17.57,45900,CNG,Automatic,0
BMW 3 Series,0,33.76,50879,Petrol,Automatic,0
Scorpio,11,1.35,138653,Diesel,Manual,2
Volkswagen Polo GT,4,12.69,90906,Diesel,Automatic,0
Swift,6,5.57,149934,Diesel,Automatic,0
Tesla Model 3,6,5.8,63824,Petrol,Automatic,2
MG Gloster,8,2.17,158584,Petrol,Automatic,1
Mahindra Bolero,8,4.31,43604,Petrol,Manual,1
Renault Duster,7,3.57,138868,Petrol,Automatic,0
Renault Kiger,4,6.71,117656,Diesel,Automatic,2
Volkswagen Vento GT,8,3.99,137535,Petrol,Manual,0
Honda Amaze,8,4.25,23054,Petrol,Automatic,2
XUV500,12,1.17,191590,Diesel,Manual,0
Toyota Corolla,4,7.17,154504,Petrol,Automatic,2
Hyundai Tucson GLS,7,4.1,114816,CNG,Automatic,2
Hyundai Venue SX,13,1.94,4744,CNG,Automatic,1
Q5,7,4.34,79931,Petrol,Manual,1
Carnival,8,3.9,115889,Diesel,Manual,2
Harrier,1,26.84,71194,Diesel,Manual,0
Nexon,12,0.75,162445,CNG,Automatic,1
Skoda Octavia RS,8,3.58,160741,CNG,Manual,0
Toyota Innova Crysta,0,24.31,120006,Petrol,Manual,0
Triber,5,6.83,149586,Diesel,Automatic,2
Figo,11,2.51,94547,Diesel,Automatic,2
Tata Hexa,14,1.98,55312,CNG,Manual,2
Hyundai Sonata,11,1.05,177806,Diesel,Automatic,0
Mercedes C Class,7,6.98,22312,Petrol,Manual,2
Sonata,14,1.68,143810,Diesel,Manual,0
Mahindra XUV3XO,4,13.49,80239,Diesel,Automatic,1
Hyundai Tucson GLS,13,1.79,43359,CNG,Manual,2
CLA,10,2.79,8597,Diesel,Manual,2
Hyundai Tucson Elite,9,3.19,154124,Diesel,Automatic,0
Altroz,3,7.38,198393,Petrol,Manual,0
Toyota Fortuner Legender,15,0.9,174333,Petrol,Manual,0
E Class,12,1.99,87836,CNG,Manual,2
Renault Kiger,13,2.04,83302,Petrol,Automatic,2
Fortuner,11,0.55,162726,Petrol,Manual,0
Kwid,2,28.11,21219,Diesel,Automatic,1
Seltos,4,6.6,190414,Petrol,Automatic,0
Mahindra XUV3XO,10,2.68,133212,Diesel,Manual,1
Baleno,5,5.02,160380,Diesel,Manual,2
Harrier X,9,4.69,49651,Diesel,Manual,2
MG ZS,11,2.32,39635,Diesel,Manual,2
Nissan Magnite,6,10.27,21878,CNG,Manual,0
Skoda Octavia RS,2,10.86,187292,Diesel,Manual,1
City,12,2.01,185482,CNG,Manual,0
Toyota Yaris Cross,15,1.2,112431,CNG,Manual,1
Toyota Fortuner Legender,5,5.31,168260,Diesel,Manual,2
Tucson,15,1.22,78949,Petrol,Automatic,1
Volvo XC60,14,2.76,28810,CNG,Automatic,1
Kia Seltos GTX,13,1.42,142958,CNG,Manual,0
BMW 3 Series,1,15.03,147110,CNG,Manual,1
Swift,13,1.96,101318,Diesel,Manual,2
Toyota Fortuner Legender,1,11.49,199700,Petrol,Manual,2
Mahindra Thar 2020,7,6.1,72312,CNG,Automatic,1
Tata Nexon EV,12,0.88,195743,CNG,Manual,1
Verna,6,5.81,124853,Diesel,Manual,2
Kwid,8,3.58,154245,Petrol,Manual,0
Seltos,8,4.78,125184,Diesel,Manual,0
Hyundai Sonata,7,6.24,133661,Diesel,Automatic,1
Toyota Yaris,7,8.78,47101,Diesel,Manual,0
Octavia,13,2.15,147721,Diesel,Automatic,1
Volkswagen Vento GT,11,1.51,180760,CNG,Manual,2
MG Gloster,5,7.48,154808,CNG,Automatic,1
Altroz,4,16.07,81811,Petrol,Automatic,0
i20,10,2.26,137865,Diesel,Manual,2
Hyundai Aura,5,4.88,180767,CNG,Manual,0
Tesla Model 3,8,5.51,24478,Diesel,Manual,2
Skoda Slavia,12,2.19,30796,Petrol,Automatic,2
Triber,3,15.24,106426,CNG,Automatic,0
Hyundai Tucson Elite,5,13.29,55575,CNG,Automatic,0
Honda CRV,11,2.68,55120,CNG,Manual,0
Ecosport,3,25.52,27654,Diesel,Automatic,0
Toyota Yaris Cross,3,16.28,77396,CNG,Manual,0
Nissan Magnite,7,6.2,123118,Diesel,Manual,1
Honda WRV,0,28.8,75083,Petrol,Automatic,2
Maruti Celerio,0,47.67,5213,Diesel,Automatic,0
MG Gloster,0,17.39,171851,Diesel,Automatic,2
Kia Carens,0,22.83,168093,Petrol,Manual,0
Renault Duster,6,10.78,20611,CNG,Manual,1
Toyota Yaris,9,5.11,72354,CNG,Automatic,0
Maruti Wagon R,6,8.6,52955,Petrol,Automatic,2
Land Rover Discovery,6,4.61,188619,CNG,Manual,0
Audi A4,12,1.77,194594,CNG,Manual,0
Honda Civic,11,3.01,53428,CNG,Automatic,2
Sonet,7,6.1,75707,Diesel,Manual,2
Vento,8,4.58,109048,CNG,Automatic,2
Karoq,2,15.48,107956,Petrol,Automatic,2
Mercedes GLC,10,1.91,197416,Petrol,Manual,1
Volkswagen Vento GT,13,1.79,37081,Diesel,Manual,1
Maruti Ertiga,8,2.39,179634,Diesel,Manual,1
Triber,13,3.12,28076,Diesel,Automatic,1
Ford EcoSport Titanium,13,1.59,32433,Diesel,Manual,2
Tata Hexa,12,0.8,140883,Petrol,Manual,2
XUV500,14,1.14,146051,Diesel,Manual,2
Toyota Innova Crysta,8,8.02,6451,CNG,Manual,0
Nissan Kicks,6,6.66,124749,Diesel,Automatic,1
Honda Civic,0,47.07,15122,Petrol,Automatic,1
Verna,12,2.1,150865,Diesel,Automatic,2
Renault Duster,7,5.16,126681,Diesel,Manual,1
Mercedes C Class,9,2.06,150092,Diesel,Manual,2
Honda Amaze,7,7.26,6722,Diesel,Manual,2
Hyundai Creta SX,11,4.57,84596,Petrol,Automatic,0
Kia Seltos GTX,0,31.87,29482,Petrol,Automatic,2
Kia Sonet X,10,3.11,152385,Diesel,Manual,1
Ford EcoSport Titanium,3,8.15,184232,Diesel,Manual,1
Tiago,3,9.31,162033,CNG,Manual,0
Volvo XC90,3,15.19,79532,CNG,Automatic,2
Jaguar F-Pace,9,4.41,109946,Petrol,Automatic,2
Skoda Kushaq,3,10.42,182646,Diesel,Automatic,0
Compass,15,0.2,94330,CNG,Automatic,1
Ciaz,10,4.0,46095,CNG,Manual,1
Ciaz,9,4.62,85995,CNG,Automatic,0
Toyota Yaris,13,1.3,169616,Petrol,Manual,0
Kia Carnival,4,5.71,193312,Diesel,Automatic,2
Tata Punch,5,6.17,154390,Diesel,Manual,2
Compass,4,9.34,154484,CNG,Automatic,1
Tata Punch,13,1.59,131429,CNG,Manual,1
Jazz,7,5.8,137213,Petrol,Automatic,0
Tucson,9,1.76,179207,CNG,Automatic,2
Skoda Octavia RS,10,5.17,70087,Diesel,Automatic,0
Triber,4,8.54,163917,Petrol,Manual,2
BMW X1,0,54.04,11728,CNG,Automatic,1
Fortuner,14,3.0,66942,Diesel,Manual,0
Skoda Octavia RS,1,40.98,14050,Petrol,Manual,0
Jaguar F-Pace,15,2.25,1174,Petrol,Manual,0
Tata Nexon EV,14,1.67,86091,Diesel,Manual,2
Fortuner Leg,13,1.71,71305,Petrol,Manual,2
Altroz,8,5.28,104591,CNG,Manual,0
Mahindra XUV3XO,13,1.46,145866,CNG,Automatic,2
Tata Harrier,3,16.64,122950,CNG,Automatic,1
Honda City ZX,6,8.67,128426,Diesel,Automatic,2
Ford EcoSport Titanium,3,21.48,38327,Petrol,Manual,1
Altroz,0,25.33,142880,Diesel,Manual,1
Fortuner Leg,13,1.51,119639,Petrol,Manual,1
Hyundai Venue SX,0,36.39,47220,Diesel,Manual,2
Nissan Kicks,2,24.32,105245,Petrol,Automatic,0
BMW X5,0,36.09,142633,Diesel,Automatic,0
Compass,4,11.62,111041,Petrol,Manual,2
Honda Civic,8,3.84,173239,Diesel,Automatic,1
CLA,10,4.21,98718,CNG,Manual,0
Tiago,11,2.86,62842,CNG,Manual,1
E Class,5,9.58,129133,CNG,Manual,1
Maruti Alto,3,23.32,55330,Diesel,Manual,0
Tata Harrier,9,4.94,63260,CNG,Manual,1
Q5,0,37.96,61272,Petrol,Automatic,2
BMW X1,2,43.03,2920,Diesel,Automatic,0
MG ZS,5,10.03,110200,Diesel,Automatic,2
BMW 3 Series,3,14.64,139746,Petrol,Manual,0
Audi Q7,10,3.76,91009,CNG,Automatic,0
Compass,9,6.29,5017,Petrol,Automatic,2
MG Hector,15,1.37,104998,Petrol,Manual,1
MG ZS,1,26.41,113935,CNG,Manual,1
Ford EcoSport Titanium,13,3.03,59671,CNG,Automatic,1
Seltos,3,12.45,139682,CNG,Manual,1
Tesla Model 3,13,1.73,165530,Diesel,Automatic,0
Altroz,10,6.69,9024,CNG,Manual,0
Renault Kiger,1,36.66,21025,CNG,Manual,1
BMW X1,1,18.18,131299,CNG,Manual,2
XUV500,9,7.54,8352,Petrol,Automatic,1
Toyota Corolla,10,4.45,30493,CNG,Manual,2
Kia Carens,5,16.09,14652,Petrol,Manual,0
Triber,1,16.63,163246,CNG,Manual,2
Hyundai Venue SX,11,3.17,78243,CNG,Automatic,1
Triber,12,2.97,127270,Diesel,Automatic,0
Sonet,3,19.86,63061,Diesel,Manual,1
Skoda Superb,0,46.41,24408,Petrol,Manual,0
Compass,5,7.7,164926,Petrol,Automatic,2
Figo,8,9.5,28518,Diesel,Manual,0
Venue,12,3.91,6520,CNG,Automatic,0
Altroz,11,1.73,176121,Diesel,Automatic,1
Polo,14,2.19,44939,Diesel,Manual,1
Range Rover Evoque,6,9.34,70166,Diesel,Manual,2
Skoda Slavia,12,4.3,9328,CNG,Manual,1
Hyundai Creta SX,9,7.12,9640,Petrol,Automatic,1
MG ZS,14,1.52,165044,Petrol,Manual,0
Nissan Magnite,9,6.41,72696,CNG,Manual,0
Kia Sonet X,4,26.64,1192,Petrol,Automatic,0
Creta,14,2.62,37468,CNG,Automatic,1
MG Gloster,15,1.57,28048,CNG,Automatic,2
Kia Seltos GTX,13,2.4,12676,CNG,Manual,1
Harrier X,13,2.31,35872,Diesel,Manual,1
Vento,5,12.98,3763,CNG,Manual,2
Mahindra Thar 2020,12,1.66,183828,Diesel,Manual,0
Volvo XC90,2,24.79,80698,CNG,Automatic,1
Maruti Dzire,3,13.9,134962,Diesel,Manual,2
Figo,10,5.51,34665,Diesel,Automatic,0
Volkswagen Tiguan,15,1.51,93067,Petrol,Automatic,1
Karoq,13,2.43,102158,Diesel,Automatic,0
Maruti Alto,6,11.44,36931,Petrol,Manual,1
Kwid,15,2.68,18374,CNG,Manual,1
Tucson,11,1.89,191121,Petrol,Manual,2
Verna,7,4.65,194594,Petrol,Automatic,0
Tata Hexa,10,4.96,22839,Petrol,Automatic,1
Tata Nexon EV,6,9.44,112249,Diesel,Automatic,0
XUV300,2,21.25,94405,Petrol,Manual,1
Q5,4,14.14,66133,Petrol,Manual,2
Swift,15,1.47,126814,Diesel,Automatic,1
Jaguar F-Pace,0,22.08,147971,Petrol,Manual,2
Volkswagen Tiguan,4,11.35,151331,Diesel,Automatic,1
Maruti Alto,7,5.32,148175,CNG,Manual,2
Mercedes GLC,0,19.93,182429,Petrol,Automatic,1
Tiago,11,1.2,173330,Petrol,Manual,2
Mercedes GLC,10,4.31,26525,CNG,Automatic,2
BMW 3 Series,5,7.94,165005,CNG,Automatic,1
Skoda Slavia,9,3.37,176458,CNG,Automatic,0
Polo,2,21.64,77312,Petrol,Manual,2
Brezza,3,15.39,114711,CNG,Manual,2
Honda Amaze,11,3.34,123564,CNG,Manual,0
Brezza,13,2.96,15026,CNG,Manual,1
Honda WRV,1,34.08,73567,CNG,Manual,0
Tata Harrier,8,3.91,161949,Diesel,Automatic,2
Kia Seltos GTX,3,24.43,40104,CNG,Automatic,1
Harrier,1,21.57,176507,Diesel,Automatic,0
Sonata,14,2.13,87795,Diesel,Automatic,1
Ecosport,12,2.19,117545,Petrol,Manual,1
Honda WRV,9,5.19,109106,CNG,Automatic,0
Honda Amaze,15,1.12,26517,Diesel,Manual,2
Maruti Alto,14,0.99,186271,CNG,Manual,2
Verna,14,1.33,159302,Petrol,Automatic,1
Kia Sonet X,4,24.9,6750,Petrol,Manual,1
Elantra,6,6.65,167251,Diesel,Automatic,2
Kia Carens,7,7.69,112497,CNG,Manual,2
Volvo XC90,13,2.36,56863,Diesel,Manual,0
Ecosport,15,1.74,136203,Petrol,Automatic,1
Toyota Innova Crysta,4,11.56,179367,Diesel,Automatic,1
Tata Hexa,15,1.38,178597,CNG,Manual,0
Skoda Kushaq,4,15.17,122015,Diesel,Manual,1
MG ZS,1,21.81,160090,Petrol,Manual,1
Skoda Octavia RS,15,2.21,32379,Diesel,Manual,0
Skoda Superb,8,6.63,66982,Diesel,Manual,2
Thar,3,31.15,33954,Petrol,Automatic,1
Skoda Octavia RS,0,54.58,67788,Diesel,Manual,0
Swift,11,3.52,47151,Petrol,Manual,2
XUV300,7,7.03,124099,Petrol,Automatic,2
Vento,15,1.46,64909,CNG,Automatic,1
Range Rover Evoque,15,2.07,12874,Diesel,Manual,2
Hyundai Tucson GLS,13,2.18,151872,CNG,Manual,2
Renault Duster,6,18.3,21862,Diesel,Automatic,0
Land Rover Discovery,0,42.93,43933,Petrol,Manual,2
Ciaz,9,6.72,104751,Diesel,Manual,0
Maruti Alto,12,3.22,114892,Petrol,Automatic,0
Nexon,5,8.23,188902,Petrol,Automatic,2
Ford EcoSport Titanium,12,2.67,96402,Petrol,Automatic,0
Skoda Octavia RS,7,9.81,73307,CNG,Manual,1
Figo,0,41.92,68384,Petrol,Automatic,2
Honda CRV,10,5.95,14409,Petrol,Automatic,2
Verna,7,15.04,19074,Diesel,Automatic,0
Tucson,13,1.22,190298,CNG,Manual,2
Renault Kiger,4,8.77,189839,CNG,Automatic,1
Kia Carens,4,12.64,157140,CNG,Automatic,0
Triber,2,29.97,59817,CNG,Automatic,2
Kwid,5,11.84,143482,Diesel,Automatic,1
MG Gloster,9,6.36,122008,CNG,Automatic,1
Maruti Wagon R,15,1.72,36944,CNG,Automatic,1
Honda City ZX,10,8.21,5992,Diesel,Automatic,0
Audi A4,7,10.47,49847,Diesel,Automatic,1
Harrier,12,2.66,106982,Diesel,Manual,1
Skoda Kushaq,8,6.61,76033,Diesel,Manual,2
Volkswagen Vento GT,4,24.33,33299,Diesel,Manual,1
Elantra,3,21.1,78963,CNG,Automatic,2
Mahindra Thar 2020,13,1.48,152426,Diesel,Manual,0
MG Gloster,4,24.4,7589,Petrol,Manual,1
Nissan Magnite,8,4.69,192353,Petrol,Automatic,0
MG Hector,6,11.83,134059,CNG,Automatic,0
Hyundai Creta SX,7,5.38,188633,Diesel,Manual,0
Mercedes GLC,12,2.89,87207,Petrol,Automatic,0
Kia Carens,12,2.96,77996,Petrol,Manual,1
Maruti Dzire,2,20.99,113669,CNG,Automatic,2
Toyota Corolla,12,4.06,63901,Diesel,Automatic,0
Maruti Wagon R,4,16.03,84639,CNG,Automatic,2
Vento,7,10.03,76886,Petrol,Manual,0
Honda WRV,9,6.61,21884,CNG,Manual,1
MG Hector,0,45.67,60993,Petrol,Manual,1
Range Rover Evoque,12,2.87,118509,CNG,Automatic,1
Q3,12,2.73,76504,CNG,Manual,2
Hyundai Tucson GLS,5,12.13,130593,Petrol,Manual,0
Altroz,5,12.25,162215,Diesel,Automatic,0
Range Rover Evoque,12,1.39,192366,CNG,Manual,2
BMW 3 Series,2,21.5,150395,CNG,Automatic,1
Volkswagen Polo GT,7,8.22,63780,Petrol,Manual,2
Ecosport,5,6.74,180001,Diesel,Manual,2
Hyundai Venue SX,7,13.05,58530,Diesel,Automatic,0
Creta,5,16.71,29807,CNG,Manual,2
Karoq,1,36.71,53999,CNG,Automatic,2
Figo,9,9.01,28877,Diesel,Automatic,0
Thar,11,4.96,38034,Diesel,Manual,2
Swift,12,3.43,94078,Diesel,Automatic,1
Scorpio,9,4.53,136624,Petrol,Automatic,1
Compass,2,17.19,181100,Diesel,Automatic,1
Mahindra Bolero,3,18.38,146263,CNG,Manual,0
Nissan Kicks,13,2.51,63993,Petrol,Manual,0
BMW X5,2,17.09,148580,CNG,Manual,2
Brezza,9,5.76,67253,Diesel,Manual,1
Compass,8,5.1,158005,CNG,Automatic,1
MG Gloster,12,1.73,159598,CNG,Manual,1
Jaguar F-Pace,8,7.04,46865,Diesel,Automatic,2
Maruti Alto,9,3.74,171639,Diesel,Manual,2
MG ZS,9,3.66,148531,Petrol,Automatic,2
Volkswagen Tiguan,14,1.72,33006,CNG,Manual,2
Volkswagen Polo GT,11,2.24,150515,Petrol,Automatic,2
Renault Kiger,7,5.59,170796,Diesel,Automatic,1
Jaguar F-Pace,4,15.98,124805,CNG,Automatic,1
Mercedes C Class,12,2.58,70518,CNG,Automatic,2
Triber,15,1.59,23692,CNG,Manual,0
Vento,15,1.05,42743,Diesel,Manual,1
Karoq,2,25.87,87486,Diesel,Manual,2
Maruti Ertiga,14,0.61,198539,Petrol,Manual,2
Kia Carnival,3,23.77,89302,CNG,Manual,0
Vento,9,5.91,117547,Petrol,Automatic,1
i20,9,3.6,178758,CNG,Automatic,2
Renault Kiger,12,2.72,101766,CNG,Manual,0
Maruti Alto,3,21.31,133233,Diesel,Automatic,0
Octavia,10,4.74,32831,Petrol,Manual,2
Kia Seltos GTX,9,2.63,176982,Diesel,Automatic,2
MG Hector,11,2.59,153756,Diesel,Manual,1
Swift,11,2.61,142842,Diesel,Manual,1
Skoda Kushaq,10,8.29,16216,Diesel,Automatic,0
Maruti Dzire,5,9.22,199685,Diesel,Automatic,0
Toyota Yaris Cross,12,4.33,34783,Petrol,Automatic,1
Skoda Superb,12,1.61,172541,Petrol,Automatic,1
Tata Nexon EV,8,7.81,114985,Petrol,Automatic,1
Toyota Fortuner Legender,8,5.35,154263,CNG,Automatic,1
Q3,1,50.86,27270,Petrol,Automatic,1
Baleno,4,13.23,163971,Petrol,Manual,0
Harrier,1,31.81,137319,Diesel,Automatic,1
BMW X1,12,3.68,80267,Diesel,Automatic,2
Fortuner Leg,12,4.28,29835,Diesel,Automatic,2
Jazz,10,4.53,137132,Petrol,Automatic,2
Harrier,12,2.71,80558,Diesel,Automatic,2
Compass,5,25.8,7638,Diesel,Manual,0
Range Rover Evoque,14,2.1,111634,Petrol,Manual,2
Tesla Model Y,2,30.55,104533,Diesel,Automatic,2
Brezza,14,2.14,152317,Diesel,Manual,0
Tata Harrier,7,13.32,26216,CNG,Automatic,2
Honda WRV,9,7.8,69111,CNG,Automatic,1
Maruti Wagon R,4,19.98,82006,Petrol,Manual,1
Tata Punch,0,48.97,48234,CNG,Manual,2
Renault Duster,12,2.76,128251,Petrol,Manual,2
Ecosport,12,2.6,184736,Diesel,Automatic,2
MG Gloster,10,6.15,76986,Diesel,Automatic,2
Tiago,7,10.25,87226,CNG,Manual,2
Range Rover Evoque,10,5.76,77441,Diesel,Manual,2
Harrier X,3,24.41,136909,Petrol,Automatic,0
Audi A4,10,5.56,31771,Diesel,Manual,2
CLA,5,22.0,31573,CNG,Manual,0
Toyota Yaris,7,8.35,153271,Petrol,Manual,0
City,13,2.19,127299,Diesel,Manual,2
Q5,10,5.67,97622,Petrol,Automatic,0
Range Rover Evoque,2,28.32,91909,Petrol,Manual,1
Volvo XC90,12,3.8,146486,Diesel,Automatic,0
Mahindra XUV3XO,5,9.04,173275,Diesel,Automatic,2
City,5,10.39,174904,Diesel,Manual,0
Elantra,5,22.33,23490,Petrol,Manual,0
Swift,0,35.87,149099,CNG,Automatic,1
Toyota Corolla,2,27.7,98799,Petrol,Automatic,2
Sonata,10,3.02,193888,Diesel,Automatic,0
Swift,4,10.46,184846,Diesel,Automatic,2
Figo,13,3.05,35069,CNG,Automatic,1
Fortuner,14,2.17,50593,Diesel,Manual,1
Kia Carnival,11,6.72,10927,Diesel,Manual,0
Thar,8,6.05,149725,Petrol,Automatic,2
Skoda Slavia,13,1.56,176220,CNG,Automatic,2
Sonata,1,26.26,158419,Diesel,Manual,1
Maruti Alto,14,3.24,42850,Diesel,Automatic,0
Maruti Celerio,4,20.89,76318,CNG,Automatic,2
Q5,15,2.26,124099,CNG,Manual,0
Toyota Fortuner Legender,10,4.45,117041,CNG,Manual,1
Carnival,10,3.01,158550,CNG,Manual,1
XUV300,12,2.62,98628,CNG,Manual,2
MG Hector,3,33.14,43674,Petrol,Manual,0
i20,11,3.99,57652,Petrol,Manual,2
Kia Carens,1,34.62,151952,Diesel,Automatic,0
Tata Harrier,1,35.1,113651,Petrol,Manual,1
Range Rover Evoque,8,7.45,103166,CNG,Automatic,2
Maruti Alto,11,4.4,51494,Petrol,Automatic,2
Polo GT,14,1.57,187504,Petrol,Automatic,1
Kia Sonet X,13,3.6,41644,Petrol,Automatic,1
Ford EcoSport Titanium,1,41.23,70806,CNG,Automatic,2
Seltos,2,27.33,141262,Petrol,Automatic,1
Karoq,11,5.1,10943,Petrol,Manual,2
Seltos,1,19.74,187443,CNG,Automatic,2
Q5,10,3.98,177819,Petrol,Automatic,0
Scorpio,15,1.36,177421,Petrol,Automatic,2
Vento,15,1.81,177111,CNG,Automatic,0
Sonata,10,3.14,133447,Diesel,Manual,2
Volkswagen Tiguan,0,42.22,84860,Petrol,Manual,2
City,1,22.56,178583,CNG,Automatic,2
Maruti Celerio,14,2.73,69116,Diesel,Automatic,0
Tesla Model Y,0,31.58,155536,Diesel,Manual,1
Altroz,10,3.22,183520,Petrol,Automatic,1
Honda CRV,0,66.37,46201,Petrol,Automatic,0
BMW 3 Series,13,4.45,23499,Petrol,Manual,0
Honda Civic,12,2.24,179066,CNG,Manual,0
Audi Q7,0,37.9,122897,CNG,Manual,1
Tata Harrier,12,2.84,172653,Petrol,Automatic,1
MG ZS,10,5.37,85518,CNG,Automatic,1
Audi Q7,14,2.7,31734,CNG,Automatic,0
CLA,3,37.65,28856,CNG,Manual,0
Rapid,14,0.74,168516,Petrol,Automatic,1
Toyota Corolla,14,2.53,1066,CNG,Automatic,0
Audi Q7,3,31.84,33966,Diesel,Automatic,2
Mahindra XUV3XO,6,5.73,197436,CNG,Manual,1
Honda Amaze,0,50.53,103892,Diesel,Manual,0
Tesla Model Y,9,3.9,160094,Diesel,Manual,1
Hyundai Tucson GLS,2,26.18,113341,CNG,Automatic,2
Toyota Innova Crysta,15,1.5,21863,Petrol,Automatic,2
Tata Harrier,15,0.82,123990,Diesel,Automatic,2
Tesla Model Y,15,2.95,2577,Petrol,Manual,0
Brezza,5,18.8,66431,Diesel,Manual,1
Brezza,6,10.27,129848,Diesel,Automatic,2
Creta,10,4.07,125069,Petrol,Automatic,2
Triber,5,15.72,92319,CNG,Automatic,2
Maruti Alto,6,10.5,147312,Petrol,Manual,0
Honda City ZX,5,8.87,176138,CNG,Manual,1
Nissan Kicks,8,9.63,71474,Diesel,Manual,0
Hyundai Sonata,4,28.35,23504,CNG,Manual,0
MG Hector,13,4.61,9802,Diesel,Manual,0
Mahindra Marazzo,0,31.49,184163,CNG,Automatic,1
Q3,14,2.71,38425,CNG,Automatic,2
MG Hector,12,3.99,107337,Petrol,Automatic,1
Volvo XC90,1,27.47,174137,Diesel,Manual,0
Mahindra XUV3XO,12,3.2,124800,Diesel,Automatic,2
Honda City ZX,13,1.39,196676,Petrol,Manual,0
Hyundai Tucson Elite,15,1.88,138521,Diesel,Automatic,0
Volvo XC60,5,26.51,30670,Petrol,Manual,0
Jazz,2,20.36,195152,Petrol,Automatic,0
XUV300,10,4.03,167765,Petrol,Automatic,2
Toyota Yaris Cross,0,75.05,1215,Petrol,Automatic,2
Volkswagen Vento GT,6,20.16,29899,Diesel,Automatic,1
Skoda Kushaq,7,12.36,75807,Petrol,Manual,1
Toyota Corolla,9,9.3,47032,CNG,Automatic,2
Figo,9,4.16,173857,CNG,Manual,1
Mahindra Bolero,3,35.93,40405,Petrol,Automatic,1
Triber,9,6.84,105186,CNG,Automatic,1
Nissan Magnite,10,9.15,30511,Petrol,Automatic,0
MG Hector,6,15.96,33574,Petrol,Manual,2
Carnival,2,50.03,73104,Diesel,Automatic,0
Rapid,6,18.86,42081,Petrol,Automatic,1
Maruti Celerio,11,7.41,27081,CNG,Automatic,0
Renault Kiger,12,3.83,36525,Petrol,Manual,2
Toyota Corolla,5,11.89,195215,Diesel,Automatic,0
Mahindra XUV3XO,10,3.58,164088,Petrol,Manual,2
E Class,13,5.51,10196,Diesel,Automatic,2
Nexon,9,10.43,25700,Petrol,Manual,1
Maruti Wagon R,5,13.67,163002,Diesel,Automatic,0
Venue,9,7.08,95598,CNG,Automatic,2
Toyota Corolla,1,35.66,117278,Diesel,Manual,2
Skoda Superb,13,3.08,41860,Diesel,Manual,2
Compass,6,17.09,77290,Diesel,Automatic,2
City,8,11.75,49128,Petrol,Automatic,1
Hyundai Sonata,4,11.86,187493,Petrol,Manual,1
Tucson,2,25.14,146343,Petrol,Automatic,2
Maruti Alto,1,26.57,182689,Diesel,Manual,1
Innova,8,7.43,139454,Diesel,Automatic,2
MG ZS,10,5.12,151644,Diesel,Manual,0
Toyota Yaris Cross,0,41.45,136895,Petrol,Manual,1
Hyundai Venue SX,0,37.06,162040,Petrol,Automatic,1
Mercedes GLC,4,10.51,197497,CNG,Manual,1
Hyundai Tucson Elite,12,3.76,79929,Petrol,Manual,1
Mahindra Marazzo,3,18.69,155961,CNG,Automatic,2
Seltos,9,7.63,80795,Diesel,Manual,1
Tesla Model Y,0,46.67,122169,Petrol,Manual,1
Jaguar F-Pace,0,57.72,58986,CNG,Manual,2
Audi A4,3,24.28,106315,Petrol,Automatic,2
Honda WRV,13,2.14,141416,Petrol,Manual,1
Jazz,9,11.6,4228,CNG,Automatic,1
Sonata,9,7.71,103489,Diesel,Manual,0
Karoq,3,28.77,121382,CNG,Automatic,0
Hyundai Aura,11,6.13,22209,Petrol,Manual,1
Honda Civic,11,2.52,158977,Petrol,Automatic,1
Skoda Octavia RS,13,3.89,7447,Diesel,Automatic,2
Honda Amaze,11,3.3,139561,Diesel,Automatic,2
Mahindra XUV3XO,3,41.73,4089,CNG,Automatic,1
Volkswagen Polo GT,6,15.66,71111,CNG,Automatic,2
Hyundai Tucson GLS,10,8.22,50294,CNG,Automatic,0
Mercedes C Class,8,10.82,37110,CNG,Manual,1
XUV500,5,20.39,107311,Diesel,Automatic,0
Harrier,6,20.55,30709,Diesel,Automatic,1
Toyota Innova Crysta,14,3.53,1882,Petrol,Automatic,2
Ecosport,1,36.25,162897,Petrol,Automatic,0
Skoda Octavia RS,9,5.38,182089,Diesel,Automatic,0
Mahindra XUV700,8,5.22,171635,Petrol,Automatic,1
Renault Duster,15,3.12,24331,Petrol,Automatic,0
Honda WRV,1,42.57,90044,Diesel,Manual,1
i20,0,58.16,112001,Diesel,Automatic,1
MG Gloster,11,2.65,170801,CNG,Automatic,1
Tata Punch,9,7.15,114783,Petrol,Automatic,1
Thar,7,7.5,190216,CNG,Automatic,0
Tucson,15,0.79,178897,Diesel,Manual,2
Maruti Celerio,3,29.1,115919,Diesel,Manual,0
Nexon,1,28.27,163478,Petrol,Manual,1
Tata Punch,1,64.2,24548,Diesel,Automatic,1
Toyota Yaris,9,10.04,25918,Petrol,Manual,1
BMW X1,0,60.32,100246,Petrol,Automatic,0
Seltos,9,8.69,108798,CNG,Automatic,0
E Class,4,25.68,79840,Diesel,Manual,0
Creta,9,7.87,61282,Diesel,Automatic,2
Mercedes GLC,11,7.73,5763,Diesel,Manual,0
CLA,9,4.22,184383,CNG,Automatic,1
Polo GT,14,1.96,69580,Petrol,Manual,2
Elantra,14,2.57,55633,CNG,Manual,2
Hyundai Sonata,4,24.46,61101,Petrol,Automatic,2
Tesla Model 3,6,16.89,52660,CNG,Manual,1
Hyundai Venue SX,7,7.65,163462,Petrol,Automatic,0
Toyota Yaris Cross,11,3.39,142835,Petrol,Automatic,1
Honda CRV,4,19.44,159177,Diesel,Automatic,0
Mercedes GLC,9,7.8,100508,Petrol,Manual,0
Tata Punch,9,3.34,178834,Petrol,Manual,1
Polo,11,4.79,108509,CNG,Automatic,0
Honda Civic,3,27.35,119884,CNG,Manual,0
Honda Civic,8,5.93,166837,Petrol,Manual,2
Volkswagen Tiguan,11,2.63,172635,Petrol,Automatic,1
Tesla Model 3,7,14.36,29333,Diesel,Automatic,2
Toyota Innova Crysta,5,27.81,26494,Diesel,Automatic,0
Hyundai Aura,7,12.44,70351,CNG,Automatic,2
Scorpio,15,2.24,92186,CNG,Automatic,2
Land Rover Discovery,14,3.68,90626,Diesel,Automatic,1
MG Gloster,0,48.1,139069,Diesel,Manual,1
Honda City ZX,3,39.58,13126,CNG,Automatic,2
Renault Duster,14,3.11,44158,Petrol,Manual,2
Karoq,1,58.04,56501,Diesel,Automatic,2
City,8,5.44,194652,CNG,Automatic,1
Land Rover Discovery,6,16.37,116140,Diesel,Automatic,1
Maruti Dzire,15,3.09,20122,Petrol,Automatic,0
Renault Kiger,0,100.05,2168,Petrol,Automatic,0
Maruti Ertiga,12,2.2,151823,Diesel,Manual,2
Toyota Yaris Cross,13,2.04,171204,CNG,Manual,1
Mahindra Marazzo,5,21.41,55144,CNG,Automatic,2
Honda WRV,8,15.48,42115,Petrol,Automatic,0
Kia Carnival,8,14.06,72260,CNG,Automatic,0
Volkswagen Vento GT,7,7.9,176426,Petrol,Manual,0
Honda Amaze,3,47.93,28307,Petrol,Automatic,0
Land Rover Discovery,0,64.66,83768,Petrol,Automatic,2
City,5,26.01,42662,Diesel,Automatic,2
Kwid,4,15.93,153948,Diesel,Manual,2
BMW X1,7,10.06,144788,Diesel,Manual,0
Hyundai Tucson GLS,1,24.28,191377,Petrol,Manual,1
Nissan Magnite,10,6.38,153192,CNG,Automatic,0
MG Gloster,10,6.36,123066,Petrol,Automatic,0
Fortuner,9,4.35,198678,CNG,Manual,1
Polo GT,10,6.11,122361,CNG,Manual,0
Tata Hexa,7,9.07,159517,CNG,Automatic,1
i20,10,5.26,122544,Diesel,Automatic,2
Ford EcoSport Titanium,4,15.56,170357,Diesel,Automatic,2
Skoda Slavia,13,2.88,108669,CNG,Manual,0
Hyundai Venue SX,14,1.97,80872,CNG,Manual,2
Kia Carens,11,2.85,189262,Diesel,Automatic,1
Kwid,3,31.83,77102,Diesel,Manual,2
E Class,5,16.51,115161,Diesel,Manual,1
E Class,11,6.54,84021,Diesel,Automatic,0
BMW X5,2,33.62,145962,Petrol,Automatic,0
City,12,6.12,6495,Diesel,Automatic,1
Hyundai Tucson GLS,15,2.01,29552,CNG,Manual,2
Kia Carens,3,37.42,17535,CNG,Manual,2
BMW 3 Series,14,2.13,135199,Petrol,Automatic,0
Range Rover Evoque,12,4.51,64749,Petrol,Automatic,0
Sonata,10,7.17,44481,Diesel,Manual,2
Honda CRV,11,3.88,161185,Petrol,Automatic,2
Baleno,12,3.93,71601,Petrol,Manual,1
Karoq,2,48.49,38122,Petrol,Automatic,2
E Class,2,44.21,78511,CNG,Manual,0
Mahindra Thar 2020,5,33.07,4880,CNG,Automatic,0
Thar,0,47.04,114034,Diesel,Manual,2
Kia Carnival,5,17.72,151145,Diesel,Automatic,0
Hyundai Aura,3,33.98,47705,CNG,Manual,2
Mercedes C Class,13,1.93,176858,CNG,Automatic,1
Kia Carens,2,52.55,74313,Diesel,Automatic,0
Maruti Alto,4,27.73,86366,Petrol,Manual,0
Q3,9,6.35,142439,CNG,Automatic,2
XUV300,4,17.01,157635,Diesel,Manual,2
Mahindra XUV3XO,12,5.23,38500,Diesel,Manual,2
Creta,7,13.31,72743,Petrol,Automatic,2
Triber,6,20.48,57030,Diesel,Automatic,1
Mercedes GLC,14,2.78,38201,CNG,Manual,2
Hyundai Creta SX,14,2.92,144233,Diesel,Automatic,0
Hyundai Tucson GLS,8,12.88,64745,Diesel,Automatic,1
Renault Kiger,0,57.38,152022,Diesel,Automatic,0
Sonet,13,3.2,72356,Petrol,Manual,1
Innova,10,7.74,10472,Petrol,Manual,2
Skoda Superb,6,18.75,93906,Petrol,Automatic,1
Kia Carens,13,2.52,170176,CNG,Automatic,0
Mahindra XUV3XO,5,22.14,48636,CNG,Automatic,2
Harrier X,14,2.35,190937,Petrol,Manual,0
CLA,9,6.58,162564,Diesel,Automatic,0
Volkswagen Polo GT,12,2.27,182071,Diesel,Automatic,1
Toyota Yaris Cross,8,12.25,22576,Petrol,Manual,2
Nissan Kicks,12,7.07,45678,Diesel,Automatic,0
Harrier X,1,47.74,98352,Petrol,Manual,0
Hyundai Creta SX,5,25.79,91748,Diesel,Automatic,0
Ford EcoSport Titanium,6,21.71,3251,Diesel,Manual,2
Volvo XC60,8,14.24,5141,CNG,Manual,1
Karoq,9,3.96,191912,CNG,Automatic,2
Maruti Alto,0,55.27,97498,Diesel,Manual,2
XUV500,0,76.46,25398,Diesel,Manual,2
Hyundai Aura,9,8.94,52360,Petrol,Automatic,2
Kia Seltos GTX,15,2.92,19051,Diesel,Manual,0
Honda WRV,3,38.14,35808,CNG,Manual,1
Hyundai Tucson GLS,15,2.35,87322,Diesel,Automatic,2
Hyundai Venue SX,3,24.81,143003,Petrol,Automatic,1
Rapid,5,17.64,101417,Petrol,Automatic,2
Audi Q7,14,1.95,56856,Petrol,Automatic,1
Toyota Yaris Cross,2,39.59,86945,CNG,Automatic,2
Hyundai Tucson Elite,1,47.03,90743,Petrol,Manual,1
Honda CRV,4,14.88,192824,Diesel,Automatic,1
Rapid,8,14.81,33317,Petrol,Manual,0
Brezza,14,1.6,120415,Diesel,Manual,2
Tata Hexa,6,7.63,198327,CNG,Automatic,2
Toyota Innova Crysta,9,7.76,124199,Diesel,Manual,1
Tata Harrier,8,12.98,24525,Petrol,Automatic,2
Tesla Model Y,3,20.44,185100,Diesel,Automatic,0
Figo,1,34.33,163434,Diesel,Manual,0
CLA,1,31.89,194026,Diesel,Automatic,0
Octavia,11,7.03,29718,Diesel,Automatic,1
Hyundai Tucson GLS,9,9.75,51281,Diesel,Automatic,2
Kia Carnival,5,22.49,41502,CNG,Manual,2
Ciaz,4,15.46,186541,CNG,Automatic,1
XUV500,6,15.85,106433,Diesel,Manual,1
Toyota Yaris,10,8.99,134085,Diesel,Manual,2
Audi Q7,2,110.44,82171,Petrol,Manual,0
Audi A4,2,139.96,57022,CNG,Automatic,1
Carnival,6,66.87,90787,Petrol,Manual,2
Toyota Yaris Cross,14,4.68,75255,CNG,Manual,1
Hyundai Tucson GLS,0,171.2,170241,Petrol,Automatic,2
Fortuner Leg,10,10.13,114430,Petrol,Manual,1
Thar,0,139.16,86657,Petrol,Manual,1
Altroz,13,9.09,146457,Diesel,Automatic,1
Toyota Innova Crysta,12,10.06,151713,Diesel,Automatic,1
CLA,6,88.29,76403,CNG,Automatic,1
Tata Harrier,12,10.38,112316,Petrol,Automatic,0
i20,14,9.46,167963,Diesel,Manual,0
Maruti Alto,5,68.1,16791,Petrol,Manual,2
Audi Q7,3,140.94,87148,CNG,Manual,0
Mahindra XUV700,12,6.06,57017,Petrol,Manual,1
Skoda Superb,15,1.73,190845,CNG,Manual,1
Maruti Dzire,14,4.22,48657,Petrol,Manual,1
Polo GT,15,11.71,83674,Diesel,Automatic,2
Carnival,2,50.39,120289,Diesel,Automatic,0
Toyota Yaris,2,152.08,123357,Diesel,Automatic,0
Tata Hexa,3,60.91,182787,Petrol,Manual,2
Creta,11,34.69,6057,Diesel,Automatic,2
Honda CRV,10,29.77,30680,Diesel,Automatic,2
Volvo XC60,13,14.85,6796,CNG,Automatic,2
Q3,2,122.0,57321,CNG,Manual,0
Maruti Ertiga,12,13.27,126788,CNG,Manual,1
CLA,5,76.59,76432,Petrol,Manual,0
Sonet,12,13.61,98170,Petrol,Manual,2
Kia Sonet X,12,12.35,136864,CNG,Automatic,2
Renault Duster,14,14.76,4543,Diesel,Manual,1
Land Rover Discovery,12,22.08,74705,CNG,Manual,1
Nissan Magnite,15,3.37,44822,Petrol,Automatic,1
Toyota Fortuner Legender,1,69.27,166390,Petrol,Manual,0
Compass,9,39.09,90367,Diesel,Manual,1
Jazz,2,157.94,141287,Diesel,Automatic,0
Harrier,14,10.26,157080,Petrol,Manual,0
Harrier,12,13.57,110331,Diesel,Manual,0
Land Rover Discovery,1,299.91,74366,Diesel,Automatic,0
Toyota Corolla,5,89.46,80888,CNG,Manual,1
Hyundai Tucson Elite,1,153.99,1595,Petrol,Automatic,1
Tata Nexon EV,12,3.57,174820,Diesel,Manual,0
Jazz,2,67.78,178145,Diesel,Automatic,2
Kwid,15,5.32,82029,CNG,Automatic,0
Tesla Model Y,4,45.16,136996,Diesel,Manual,1
Karoq,1,82.71,142774,Petrol,Automatic,0
Honda WRV,6,65.3,118369,CNG,Automatic,2
Volkswagen Polo GT,3,113.77,126695,Diesel,Automatic,0
Tesla Model 3,8,71.06,32007,Diesel,Automatic,1
Audi A4,3,68.53,6993,Diesel,Manual,1
Honda CRV,10,37.05,43942,CNG,Manual,0
Baleno,14,15.97,30086,CNG,Manual,0
Skoda Slavia,9,43.63,4435,Diesel,Automatic,2
Maruti Alto,9,16.37,44890,CNG,Automatic,1
Carnival,10,24.06,78028,Diesel,Manual,1
Honda CRV,10,4.98,159571,CNG,Manual,2
Q5,10,37.53,1294,Petrol,Manual,1
Maruti Dzire,3,145.38,121811,Diesel,Manual,0
Tesla Model Y,13,17.39,33376,CNG,Manual,0
Skoda Octavia RS,10,16.11,158921,Diesel,Automatic,1
Hyundai Sonata,11,8.47,132841,CNG,Manual,0
Altroz,10,4.21,189644,Diesel,Automatic,2
MG Gloster,5,152.42,36863,Petrol,Automatic,0
Skoda Kushaq,2,122.04,27739,Petrol,Automatic,2
Ford EcoSport Titanium,11,28.67,68863,Diesel,Automatic,0
Audi A4,6,106.02,31782,CNG,Automatic,0
City,14,4.06,57411,CNG,Automatic,2
Swift,9,21.99,183225,Petrol,Manual,1
Hyundai Creta SX,11,10.81,191830,Diesel,Automatic,2
City,6,96.25,3413,Diesel,Automatic,2
MG ZS,2,180.78,115897,Petrol,Automatic,0
Seltos,6,15.33,117854,CNG,Automatic,2
Mahindra XUV700,3,159.07,49114,CNG,Manual,0
Hyundai Tucson Elite,8,17.67,14777,CNG,Automatic,1
Altroz,10,32.43,24290,Petrol,Manual,1
BMW X5,1,289.89,17619,CNG,Automatic,0
Toyota Yaris Cross,14,6.25,188397,CNG,Automatic,0
Fortuner Leg,13,10.17,113167,Petrol,Manual,1
Tucson,1,208.15,119920,CNG,Manual,1
Brezza,2,140.83,120547,Diesel,Manual,1
Harrier X,5,68.17,111218,CNG,Manual,2
Tesla Model 3,11,17.8,133903,Diesel,Automatic,2
Kwid,0,141.93,103062,Diesel,Automatic,1
Volvo XC90,12,3.55,165244,Diesel,Manual,0
Ecosport,0,239.91,10491,Petrol,Manual,1
XUV500,11,25.37,123761,Petrol,Manual,0
Toyota Innova Crysta,5,56.38,168462,Petrol,Automatic,1
Swift,12,12.37,108293,CNG,Manual,2
Nissan Kicks,3,173.8,112695,CNG,Automatic,0
Kia Sonet X,11,12.49,188398,CNG,Manual,2
Tata Nexon EV,7,47.53,26032,Petrol,Automatic,0
Tata Hexa,0,109.06,138345,Petrol,Manual,0
Maruti Dzire,10,4.73,182902,CNG,Automatic,2
Venue,7,25.1,8903,Diesel,Manual,0
Renault Kiger,12,15.92,149510,Petrol,Automatic,1
Tata Harrier,2,147.88,58442,CNG,Manual,2
Hyundai Creta SX,13,9.97,92244,CNG,Manual,2
Tesla Model 3,0,118.94,179157,Petrol,Automatic,1
Verna,6,29.76,199139,Diesel,Manual,0
Jazz,0,237.67,19807,Diesel,Automatic,0
